Date,Open,High,Low,Close,Volume,Adj Close
2011-12-30,12.19,12.27,12.02,12.26,2000,12.26
2011-12-29,11.81,11.98,11.75,11.98,4200,11.98
2011-12-28,12.35,12.35,11.85,11.85,10700,11.85
2011-12-27,12.56,12.70,12.52,12.65,14900,12.40
2011-12-23,12.43,12.60,12.40,12.58,5700,12.33
2011-12-22,12.46,12.60,12.33,12.45,6000,12.21
2011-12-21,12.70,12.70,12.70,12.70,000,12.45
2011-12-20,12.66,12.90,12.58,12.70,7400,12.45
2011-12-19,12.57,12.57,12.10,12.10,9500,11.86
2011-12-16,12.31,12.64,12.31,12.61,7800,12.36
2011-12-15,12.35,12.54,12.20,12.20,23700,11.96
2011-12-14,12.73,12.73,12.20,12.28,12500,12.04
2011-12-13,13.06,13.29,12.94,12.94,15000,12.69
2011-12-12,13.69,13.69,13.19,13.20,13600,12.94
2011-12-09,13.66,13.77,13.65,13.77,3000,13.50
2011-12-08,13.76,13.84,13.68,13.84,3600,13.57
2011-12-07,13.97,14.28,13.96,14.21,2200,13.93
2011-12-06,13.96,14.13,13.96,13.97,600,13.70
2011-12-05,14.30,14.30,14.06,14.06,8900,13.78
2011-12-02,14.08,14.12,13.95,13.98,14200,13.71
2011-12-01,14.36,14.59,14.02,14.02,5200,13.75
2011-11-30,14.00,14.23,13.90,14.23,11100,13.95
2011-11-29,13.01,13.40,13.01,13.37,2200,13.11
2011-11-28,13.27,13.28,13.03,13.03,3600,12.77
2011-11-25,12.90,12.95,12.79,12.80,1600,12.55
2011-11-23,13.10,13.10,12.75,12.89,13300,12.64
2011-11-22,13.23,13.34,13.14,13.29,3200,13.03
2011-11-21,13.31,13.31,12.96,13.06,10900,12.80
2011-11-18,13.75,13.75,13.60,13.61,15600,13.34
2011-11-17,14.53,14.53,13.82,13.83,5400,13.56
2011-11-16,14.75,14.81,14.51,14.53,17500,14.25
2011-11-15,14.79,14.79,14.56,14.76,4200,14.47
2011-11-14,14.92,14.98,14.75,14.75,4800,14.46
2011-11-11,14.79,15.03,14.75,14.90,6900,14.61
2011-11-10,14.86,14.86,14.50,14.70,13200,14.41
2011-11-09,14.89,15.06,14.48,14.48,11400,14.20
2011-11-08,15.35,15.35,15.12,15.29,3900,14.99
2011-11-07,15.16,15.19,15.01,15.09,1600,14.79
2011-11-04,14.85,14.98,14.80,14.98,800,14.69
2011-11-03,14.72,15.07,14.72,15.01,800,14.72
2011-11-02,14.93,15.00,14.74,14.74,900,14.45
2011-11-01,14.24,14.31,13.85,14.31,4200,14.03
2011-10-31,14.78,15.02,14.65,14.71,9100,14.42
2011-10-28,15.02,15.18,15.02,15.03,2800,14.74
2011-10-27,14.94,15.13,14.76,15.11,14000,14.81
2011-10-26,14.43,14.50,14.25,14.50,1200,14.22
2011-10-25,14.18,14.42,14.16,14.36,8700,14.08
2011-10-24,13.88,13.99,13.88,13.99,5000,13.72
2011-10-21,13.67,13.71,13.57,13.57,5200,13.30
2011-10-20,13.45,13.49,13.29,13.43,11000,13.17
2011-10-19,14.10,14.10,13.45,13.48,7700,13.22
2011-10-18,13.62,14.21,13.43,14.11,19200,13.83
2011-10-17,15.00,15.00,13.90,13.90,10800,13.63
2011-10-14,14.31,14.31,14.31,14.31,100,14.03
2011-10-13,14.01,14.23,13.84,13.95,21800,13.68
2011-10-12,14.16,14.16,14.16,14.16,1000,13.88
2011-10-11,13.97,13.97,13.79,13.93,3300,13.66
2011-10-10,13.96,14.11,13.70,14.10,24400,13.82
2011-10-07,13.68,13.68,13.34,13.44,1500,13.18
2011-10-06,13.48,13.60,13.48,13.57,1900,13.30
2011-10-05,13.12,13.14,13.12,13.14,4000,12.88
2011-10-04,13.08,13.18,12.39,12.76,17500,12.51
2011-10-03,13.52,13.61,13.17,13.22,5400,12.96
2011-09-30,13.01,13.51,12.88,13.32,5100,13.06
2011-09-29,13.65,13.65,13.13,13.13,4200,12.87
2011-09-28,14.16,14.16,13.53,13.57,4500,13.30
2011-09-27,14.39,14.39,14.00,14.00,1900,13.73
2011-09-26,13.62,13.88,13.41,13.88,8700,13.61
2011-09-23,14.27,14.41,13.64,14.02,24000,13.75
2011-09-22,15.34,15.34,14.63,14.69,13200,14.40
2011-09-21,16.47,16.47,16.03,16.04,15800,15.73
2011-09-20,15.90,16.44,15.90,16.36,7000,16.04
2011-09-19,15.93,16.14,15.65,15.80,5500,15.49
2011-09-16,15.86,16.22,15.86,16.08,4300,15.76
2011-09-15,15.70,15.89,15.68,15.76,3300,15.45
2011-09-14,16.33,16.33,16.02,16.03,5300,15.72
2011-09-13,16.11,16.40,16.11,16.38,8000,16.06
2011-09-12,16.52,16.52,15.89,15.98,17300,15.67
2011-09-09,16.86,16.91,16.56,16.61,18300,16.28
2011-09-08,16.72,16.95,16.72,16.95,1700,16.62
2011-09-07,16.67,16.67,16.20,16.48,11200,16.16
2011-09-06,16.32,16.92,16.32,16.65,46600,16.32
2011-09-02,16.50,16.66,16.34,16.57,12600,16.25
2011-09-01,16.19,16.25,16.10,16.10,4400,15.78
2011-08-31,16.31,16.31,16.04,16.11,10700,15.79
2011-08-30,16.00,16.22,15.87,16.11,19700,15.79
2011-08-29,16.16,16.16,15.71,15.83,22300,15.52
2011-08-26,15.51,15.84,15.29,15.84,32800,15.53
2011-08-25,14.82,15.59,14.68,15.46,24800,15.16
2011-08-24,15.65,15.66,14.98,15.03,180400,14.74
2011-08-23,16.37,16.37,15.56,15.69,108900,15.38
2011-08-22,15.90,16.21,15.84,16.21,10300,15.89
2011-08-19,15.25,15.59,15.22,15.48,10300,15.18
2011-08-18,15.25,15.51,15.25,15.30,6100,15.00
2011-08-17,15.50,15.70,15.50,15.55,2100,15.25
2011-08-16,15.46,15.60,15.42,15.55,58100,15.25
2011-08-15,15.22,15.48,15.11,15.48,4500,15.18
2011-08-12,15.43,15.43,14.90,15.12,12900,14.82
2011-08-11,15.23,15.43,14.92,15.43,6500,15.13
2011-08-10,15.00,15.39,14.57,15.23,19000,14.93
2011-08-09,14.59,14.99,14.37,14.99,22700,14.70
2011-08-08,14.42,14.74,14.23,14.35,16600,14.07
2011-08-05,14.89,14.89,13.90,14.18,22600,13.90
2011-08-04,15.43,15.54,14.41,14.59,23800,14.30
2011-08-03,15.74,15.74,15.42,15.46,8800,15.16
2011-08-02,15.36,15.45,15.36,15.41,5200,15.11
2011-08-01,15.29,15.34,15.18,15.26,6100,14.96
2011-07-29,15.27,15.41,15.00,15.23,2800,14.93
2011-07-28,15.23,15.37,15.18,15.36,3800,15.06
2011-07-27,15.82,15.86,15.37,15.37,14800,15.07
2011-07-26,15.71,15.73,15.58,15.69,10500,15.38
2011-07-25,15.72,15.76,15.61,15.61,1300,15.30
2011-07-22,15.55,15.66,15.55,15.60,7000,15.29
2011-07-21,15.45,15.57,15.41,15.41,1200,15.11
2011-07-20,15.68,15.68,15.47,15.49,2300,15.19
2011-07-19,15.70,15.75,15.50,15.50,5100,15.20
2011-07-18,15.82,15.82,15.68,15.73,19400,15.42
2011-07-15,15.37,15.45,15.29,15.45,3700,15.15
2011-07-14,15.33,15.51,15.30,15.42,4700,15.12
2011-07-13,15.53,15.53,15.29,15.31,13700,15.01
2011-07-12,14.50,14.83,14.50,14.77,10900,14.48
2011-07-11,14.75,14.75,14.47,14.48,7000,14.20
2011-07-08,14.82,14.82,14.75,14.75,3400,14.46
2011-07-07,14.89,14.89,14.89,14.89,600,14.60
2011-07-06,14.65,14.76,14.64,14.73,4700,14.44
2011-07-05,14.51,14.60,14.47,14.55,18300,14.26
2011-07-01,14.15,14.27,14.15,14.26,13600,13.98
2011-06-30,14.33,14.41,14.33,14.33,2800,14.05
2011-06-29,14.23,14.31,14.11,14.11,4400,13.83
2011-06-28,13.80,14.02,13.80,14.02,1900,13.75
2011-06-27,13.67,13.83,13.55,13.69,7200,13.42
2011-06-24,14.03,14.10,13.82,13.90,16300,13.63
2011-06-23,14.24,14.24,13.95,13.95,5000,13.68
2011-06-22,14.26,14.59,14.26,14.40,6800,14.12
2011-06-21,13.96,14.26,13.96,14.26,1600,13.98
2011-06-20,13.70,13.87,13.70,13.82,5300,13.55
2011-06-17,13.77,13.96,13.74,13.87,5600,13.60
2011-06-16,13.80,13.84,13.68,13.68,5900,13.41
2011-06-15,14.18,14.21,13.83,13.95,7600,13.68
2011-06-14,14.16,14.16,14.16,14.16,500,13.88
2011-06-13,14.25,14.25,13.88,14.00,21700,13.73
2011-06-10,14.20,14.27,14.08,14.27,26300,13.99
2011-06-09,14.50,14.52,14.39,14.39,2700,14.11
2011-06-08,14.34,14.34,14.29,14.29,2900,14.01
2011-06-07,14.66,14.75,14.62,14.71,1700,14.42
2011-06-06,14.85,14.85,14.67,14.67,1900,14.38
2011-06-03,14.92,14.98,14.92,14.98,4200,14.69
2011-06-02,14.97,14.97,14.80,14.80,2400,14.51
2011-06-01,15.22,15.31,15.09,15.10,5400,14.80
2011-05-31,15.46,15.46,15.13,15.30,4600,15.00
2011-05-27,15.27,15.27,15.20,15.20,1300,14.90
2011-05-26,14.84,14.84,14.84,14.84,1500,14.55
2011-05-25,14.91,14.96,14.82,14.88,2200,14.59
2011-05-24,14.82,14.89,14.78,14.81,2600,14.52
2011-05-23,14.63,14.63,14.40,14.53,2900,14.25
2011-05-20,14.49,14.79,14.38,14.69,1400,14.40
2011-05-19,14.56,14.65,14.56,14.65,200,14.36
2011-05-18,14.60,14.60,14.54,14.60,4600,14.31
2011-05-17,14.38,14.43,14.16,14.43,10800,14.15
2011-05-16,14.70,14.70,14.45,14.47,10600,14.19
2011-05-13,14.63,14.78,14.34,14.45,5100,14.17
2011-05-12,14.76,14.76,14.50,14.74,1000,14.45
2011-05-11,15.21,15.21,14.79,14.79,9500,14.50
2011-05-10,15.33,15.35,15.27,15.27,3500,14.97
2011-05-09,15.27,15.32,15.05,15.32,11000,15.02
2011-05-06,14.91,15.30,14.91,14.97,6000,14.68
2011-05-05,15.48,15.48,14.72,14.79,59800,14.50
2011-05-04,15.34,15.62,15.20,15.59,55000,15.28
2011-05-03,16.36,16.36,15.53,15.53,7600,15.23
2011-05-02,16.68,16.68,16.11,16.14,10000,15.82
2011-04-29,16.47,16.60,16.28,16.52,7400,16.20
2011-04-28,16.51,16.56,16.24,16.28,18800,15.96
2011-04-27,15.95,16.44,15.87,16.40,13300,16.08
2011-04-26,16.26,16.26,16.00,16.18,8500,15.86
2011-04-25,16.88,16.88,16.05,16.33,13300,16.01
2011-04-21,16.55,16.85,16.51,16.60,10400,16.27
2011-04-20,16.35,16.49,16.30,16.35,9400,16.03
2011-04-19,16.22,16.22,15.95,16.07,9500,15.75
2011-04-18,16.07,16.13,15.56,15.89,24200,15.58
2011-04-15,16.07,16.49,16.03,16.15,18500,15.83
2011-04-14,16.01,16.25,16.01,16.15,56800,15.83
2011-04-13,16.16,16.16,15.94,15.98,8200,15.67
2011-04-12,16.38,16.38,15.92,15.92,5100,15.61
2011-04-11,16.79,16.94,16.17,16.28,19000,15.96
2011-04-08,16.67,16.81,16.67,16.75,13300,16.42
2011-04-07,16.74,16.86,16.40,16.44,11600,16.12
2011-04-06,16.86,16.86,16.43,16.52,20800,16.20
2011-04-05,15.68,16.42,15.68,16.41,25500,16.09
2011-04-04,15.71,16.00,15.70,15.70,19400,15.39
2011-04-01,16.19,16.19,15.70,15.73,2700,15.42
2011-03-31,15.84,15.91,15.77,15.77,11800,15.46
2011-03-30,16.02,16.02,15.67,15.84,11800,15.53
2011-03-29,15.50,15.69,15.40,15.64,9800,15.33
2011-03-28,15.69,15.69,15.53,15.55,2800,15.25
2011-03-25,15.88,15.88,15.64,15.71,14100,15.40
2011-03-24,16.07,16.24,15.83,15.89,23200,15.58
2011-03-23,15.53,16.00,15.51,16.00,18200,15.69
2011-03-22,15.52,15.60,15.30,15.46,12500,15.16
2011-03-21,15.57,15.66,15.33,15.45,22100,15.15
2011-03-18,15.24,15.66,15.00,15.10,10200,14.80
2011-03-17,15.45,15.45,14.55,14.83,13700,14.54
2011-03-16,14.80,15.16,14.50,14.60,10600,14.31
2011-03-15,15.63,15.63,14.41,14.75,7700,14.46
